{
    "attachments": [
        {
            "data_filename": "1278472.png",
            "original_filename": "svs.png",
            "thumb_filename": "thumbs\/1278472.jpg"
        },
        {
            "data_filename": "1278473.png",
            "original_filename": "apps.png",
            "thumb_filename": "thumbs\/1278473.jpg"
        },
        {
            "data_filename": "1278474.png",
            "original_filename": "Untitled-1-Recovered.png",
            "thumb_filename": "thumbs\/1278474.jpg"
        }
    ],
    "resource_id": 36898,
    "current_version_id": 66714,
    "download_count": 0,
    "resource_version_id": 66714,
    "version_string": "1.0",
    "last_update": 1767920681,
    "rating_avg": 0,
    "rating_count": 0,
    "rating_sum": 0,
    "resource_category_id": 9,
    "resource_date": 1767920681,
    "review_count": 0,
    "tag_line": "Shift and Caution Lights + Simple Stats (Power, Weight Temp and ratios)",
    "update_count": 0,
    "path": "MWUQP9DZH\/66714\/",
    "filename": "SimpleVehicleStats.zip",
    "title": "Simple Vehicle Status",
    "user_id": 3668,
    "username": "AstonishingA",
    "tagid": "MWUQP9DZH",
    "message": "[SIZE=7][COLOR=#ff8000][B]Simple Vehicle Stats[\/B][\/COLOR][\/SIZE]\n[COLOR=#ff8000][SIZE=5][B]+ Caution Lights[\/B][\/SIZE][\/COLOR]\n\n[ATTACH]1278472[\/ATTACH]\n\n[B]This is a very light weight, modular and configurable set of UI apps for use in game.[\/B]\n\n[URL='https:\/\/www.beamng.com\/threads\/simple-vehicle-status-shigt-caution-lights.108077\/']Forum post here.[\/URL]\n\n[B]x15 individual apps with variations to show:[\/B]\n\n[ATTACH]1278473[\/ATTACH]\n\n[B]Text Based:[\/B]\n[LIST]\n[*]Vehicle Power - Total max (HP)\n[*]Vehicle Power Total max + amount being used in real time (NM)\n[*]Vehicle Weight - Total, front\/rear ratio and weights (KG)\n[*]Vehicle Temperatures - Water + Oil + Rad fan status\n[\/LIST]\n[B]Caution Lights:[\/B]\n[LIST]\n[*]Water Temp (\u00b0C)\n[*]Oil Temp (\u00b0C)\n[*]Torque Max %\n[*]Boost %\n[\/LIST]\n[B]RPM Shift Light:[\/B]\n[LIST]\n[*]RPM Based Shift Light\n[\/LIST]\nThese apps can all be use together or just use one single bit if that's all you want.\nthey are all modular so you can place them together vertically, horizontally or however you desire.\nThere is a universal background app that can be shaped to any size and placed behind the text to make it clearer to read\n\n[B]Settings[\/B]\nAll of the lights are customisable (thresholds and colours) by using the included\n\"= SVS Settings\" app.\nThis app creates a grey gear icon in the bottom right of the screen that you click to open the settings menu.\nAll settings inside are saved locally so stay the same even if you close the game.\n\n[ATTACH]1278474[\/ATTACH]\n\n\n[B]Note:[\/B] When placing the settings UI App window, it does not matter where its placed or how big\/small it is - just put it somewhere out of the way.\nThe setting button always goes to bottom right of screen regardless.\n\n[B]I have made a very quick video that shows the UI Apps and how they all work.[\/B]\n[URL='https:\/\/www.youtube.com\/watch?v=AOVdh1qelPI'][MEDIA=youtube]AOVdh1qelPI[\/MEDIA][\/URL]\n\nI will eventually add unit converters into these to suite the  Lbs and Kw inclined users.\nHopefully expand the collection and add more data in as I get the time to do so.\n\nPlease enjoy it!",
    "category_title": "",
    "prefix_title": "",
    "via": "packed by repo on Fri, 09 Jan 2026 02:04:41 GMT",
    "hashes": [
        [
            "ui\/modules\/apps\/Light - Boost\/app.js",
            "4d53cea2ff073e89"
        ],
        [
            "ui\/modules\/apps\/Light - Boost\/app.png",
            "f4c773f3fa6e2640"
        ],
        [
            "ui\/modules\/apps\/Light - Boost\/app.json",
            "a964899906a5bfca"
        ],
        [
            "ui\/modules\/apps\/Torque 1\/app.js",
            "668a06a9c0c1221b"
        ],
        [
            "ui\/modules\/apps\/Torque 1\/app.png",
            "94551c5c10ee92ff"
        ],
        [
            "ui\/modules\/apps\/Torque 1\/app.json",
            "8610ccf73ce38e5a"
        ],
        [
            "ui\/modules\/apps\/Light - Oil Temp\/app.js",
            "109bfca0986084dc"
        ],
        [
            "ui\/modules\/apps\/Light - Oil Temp\/app.png",
            "2c1161984966191d"
        ],
        [
            "ui\/modules\/apps\/Light - Oil Temp\/app.json",
            "3e97d34848eabdf2"
        ],
        [
            "ui\/modules\/apps\/Power 2\/app.js",
            "99cbc5a2fbad2b02"
        ],
        [
            "ui\/modules\/apps\/Power 2\/app.png",
            "e26390fd961781d2"
        ],
        [
            "ui\/modules\/apps\/Power 2\/app.json",
            "519d44cc0d7e128e"
        ],
        [
            "ui\/modules\/apps\/Torque 2\/app.js",
            "6bed932622e48c4f"
        ],
        [
            "ui\/modules\/apps\/Torque 2\/app.png",
            "7807f3c492349e83"
        ],
        [
            "ui\/modules\/apps\/Torque 2\/app.json",
            "4c9670c81167dfe5"
        ],
        [
            "ui\/modules\/apps\/Power 1\/app.js",
            "bc512aa25878be22"
        ],
        [
            "ui\/modules\/apps\/Power 1\/app.png",
            "46b74a7712a7d6bd"
        ],
        [
            "ui\/modules\/apps\/Power 1\/app.json",
            "2df605096f559bd0"
        ],
        [
            "ui\/modules\/apps\/Light - Water Temp\/app.js",
            "07e42fb59bfdf41a"
        ],
        [
            "ui\/modules\/apps\/Light - Water Temp\/app.png",
            "245ee153b63f105c"
        ],
        [
            "ui\/modules\/apps\/Light - Water Temp\/app.json",
            "b93b88e124f6201f"
        ],
        [
            "ui\/modules\/apps\/Light - Rad Fan\/app.js",
            "73e7545b517f26a4"
        ],
        [
            "ui\/modules\/apps\/Light - Rad Fan\/app.png",
            "6cd2028f7294cb87"
        ],
        [
            "ui\/modules\/apps\/Light - Rad Fan\/app.json",
            "ff8fe01bc0171bd3"
        ],
        [
            "ui\/modules\/apps\/Light - Torque\/app.js",
            "a5c990df1c604e04"
        ],
        [
            "ui\/modules\/apps\/Light - Torque\/app.png",
            "f70b8a11d76b7932"
        ],
        [
            "ui\/modules\/apps\/Light - Torque\/app.json",
            "47e2954e15df5d13"
        ],
        [
            "ui\/modules\/apps\/Weight 1\/app.js",
            "7c482f9ab742fad1"
        ],
        [
            "ui\/modules\/apps\/Weight 1\/app.png",
            "d7028a11bdcf492d"
        ],
        [
            "ui\/modules\/apps\/Weight 1\/app.json",
            "bfec415749bc312d"
        ],
        [
            "ui\/modules\/apps\/Weight 2\/app.js",
            "b611356efecccac0"
        ],
        [
            "ui\/modules\/apps\/Weight 2\/app.png",
            "bc0ca9c2027075c2"
        ],
        [
            "ui\/modules\/apps\/Weight 2\/app.json",
            "6fb1626d56d13f64"
        ],
        [
            "ui\/modules\/apps\/Background\/app.js",
            "ebaa5d810465e515"
        ],
        [
            "ui\/modules\/apps\/Background\/app.png",
            "ebc28ecff899f94c"
        ],
        [
            "ui\/modules\/apps\/Background\/app.json",
            "ad7503edfddd5291"
        ],
        [
            "ui\/modules\/apps\/Temperature 1\/app.js",
            "aed2e967a9c11978"
        ],
        [
            "ui\/modules\/apps\/Temperature 1\/app.png",
            "ec6474ed0e2aab41"
        ],
        [
            "ui\/modules\/apps\/Temperature 1\/app.json",
            "e10741bce726612d"
        ],
        [
            "ui\/modules\/apps\/SVS Settings\/app.js",
            "41d7be840177031a"
        ],
        [
            "ui\/modules\/apps\/SVS Settings\/app.png",
            "28a7cbf0320cfa66"
        ],
        [
            "ui\/modules\/apps\/SVS Settings\/app.json",
            "4f6f755fa8e337d7"
        ],
        [
            "ui\/modules\/apps\/Light - RPM\/app.js",
            "32ed1eb5c8a5373c"
        ],
        [
            "ui\/modules\/apps\/Light - RPM\/app.png",
            "5f482481e4639e58"
        ],
        [
            "ui\/modules\/apps\/Light - RPM\/app.json",
            "14fbea3f6600ddf8"
        ]
    ]
}